{"cameraMode":{"drawMode":0,"name":"Shaded","section":"Shading Mode"},"sceneLighting":false,"audioPlay":false,"sceneViewState":{"showFog":true,"showMaterialUpdate":false,"showSkybox":false,"showFlares":true,"showImageEffects":true,"showParticleSystems":true},"in2DMode":false,"pivot":{"x":-2.359999895095825,"y":2.569999933242798,"z":-1.1699999570846558},"rotation":{"x":-0.06025579571723938,"y":-0.9380688071250916,"z":0.21057002246379853,"w":-0.26843321323394778},"size":4.201928615570068,"orthographic":false}