{"cameraMode":{"drawMode":0,"name":"Shaded","section":"Shading Mode"},"sceneLighting":true,"audioPlay":false,"sceneViewState":{"showFog":true,"showMaterialUpdate":false,"showSkybox":true,"showFlares":true,"showImageEffects":true,"showParticleSystems":true},"in2DMode":false,"pivot":{"x":24.70833969116211,"y":-18.98781967163086,"z":20.425979614257814},"rotation":{"x":0.23360109329223634,"y":0.37976011633872988,"z":-0.09972908347845078,"w":0.8895318508148193},"size":50.85276412963867,"orthographic":false}