{"cameraMode":{"drawMode":0,"name":"Shaded","section":"Shading Mode"},"sceneLighting":true,"audioPlay":false,"sceneViewState":{"showFog":true,"showMaterialUpdate":false,"showSkybox":true,"showFlares":true,"showImageEffects":true,"showParticleSystems":true},"in2DMode":false,"pivot":{"x":9.375555038452149,"y":-8.764751434326172,"z":20.258853912353517},"rotation":{"x":0.22345174849033357,"y":0.23273584246635438,"z":-0.05503669008612633,"w":0.9449203014373779},"size":51.001678466796878,"orthographic":false}